"employee_id";"employee_name";"salary";"department"
1;"A";24000;"BCA"
2;"C";34000;"mechanical"
3;"D";55000;"Entc"
4;"E";75000;"BSC"
5;"F";21000;"BCA"
6;"G";40000;"BCA"
7;"H";50000;"computer"
1;"0.000494804552201880";24000;"BCA"
2;"0.000989609104403760";34000;"mechanical"
3;"0.001484413656605640";55000;"Entc"
4;"0.001979218208807521";75000;"BSC"
5;"0.002474022761009401";21000;"BCA"
0;"";0;"BCA"
